id,theme_statement,theme_category,theme_strength,interview_companies,supporting_finding_ids,supporting_response_ids,deal_status_distribution,competitive_flag,business_implications,primary_theme_quote,secondary_theme_quote,quote_attributions,evidence_strength,avg_confidence_score,company_count,finding_count,created_at,client_id,quotes,criteria_covered,pattern_type,fuzzy_match_score,semantic_group_id,processing_metadata,scorecard_theme_id,synthesis_theme_id,complementary_evidence
182,"To enhance market position and reputation, Rev should prioritize direct engagement with key legal associations like CAALA to better understand and address the specific needs of plaintiff attorneys, thereby improving product visibility and relevance. Additionally, addressing feedback on transcription services will be crucial in mitigating moderate concerns and elevating overall client satisfaction.",Strategic,Medium,"['Speaker 1', 'Ben Evenstad', 'Speaker 2', 'Victoria Hardy']","[138, 144, 152]",[],"{'won': 0, 'lost': 0}",False,"Impact score: 2.7, affecting 4 companies","If you were the CEO of Rev, what would you change to better serve firms like yours? I, you know, one thing would be. You know, get in front of folks like me or, you know, get the product in front of f","I don't know, with her specifically. So I'm a member of CAALA, do you know what CAALA is? The plaintiff? CAALA is Consumer attorneys Association of Los Angeles. It's the plaintiff's bar. It's a volunt",Primary: Speaker 1,Medium,6.0,4,3,2025-07-09T22:25:00.487046,Rev,"[{'text': 'If you were the CEO of Rev, what would you change to better serve firms like yours? I, you know, one thing would be. You know, get in front of folks like me or, you know, get the product in front of f', 'score': 3.0, 'attribution': 'Score: 3.0 - neutral', 'relevance_score': 3.0, 'sentiment': 'neutral'}, {'text': ""I don't know, with her specifically. So I'm a member of CAALA, do you know what CAALA is? The plaintiff? CAALA is Consumer attorneys Association of Los Angeles. It's the plaintiff's bar. It's a volunt"", 'score': 3.0, 'attribution': 'Score: 3.0 - neutral', 'relevance_score': 3.0, 'sentiment': 'neutral'}, {'text': 'I had a criminal case where there was a lot of body worn video. And I needed a transcription. And there was, like, I forget how long it was, but it was like, at least 30 minutes and different people t', 'score': 3.0, 'attribution': 'Score: 3.0 - support_focus', 'relevance_score': 3.0, 'sentiment': 'neutral'}, {'text': ""That's a good question. I feel like it works well. It's easy to use. So I would say since I didn't even know that they use AI now and that that brings down the cost, I would maybe promote that a littl"", 'score': 2.0, 'attribution': 'Score: 2.0 - neutral', 'relevance_score': 2.0, 'sentiment': 'neutral'}, {'text': 'I think that equally, I mean, I think this is the thing, sure, those more serious cases, maybe the volumes higher and the stakes are higher. However, the amount of cases you get for DUIs and domestic ', 'score': 2.0, 'attribution': 'Score: 2.0 - neutral', 'relevance_score': 2.0, 'sentiment': 'neutral'}]",[],criterion_based,,,{},,,{}
181,"The analysis reveals moderate concerns regarding support service quality among key stakeholders, indicating a need for enhanced accuracy and reliability in transcription processes. To improve client satisfaction and operational efficiency, it is imperative to implement a robust quality assurance framework that includes signed affidavits for transcription accuracy and regular feedback loops for continuous improvement.",Strategic,Emerging,"['Cyrus Nazarian', 'Christina Fouche', 'Ben Evenstad', 'Trish Herrera', 'Kelsey Whisler - Scheveck  Salminen', 'Drew Giovannoli']","[135, 142, 159, 158, 182, 164]",[],"{'won': 0, 'lost': 0}",False,"Impact score: 2.2, affecting 6 companies","And essentially, are they doing what I. What I have been doing with the first, the first run through is, using AI, and then they'll go through and check it for accuracy and make edits as necessary.","I think for me, the ones that I've edited, I by the time I've read through it, I have a pretty good grasp of what's going on. That I don't really need to read through the transcript once it's produced",Primary: Cyrus Nazarian,Emerging,4.83,6,6,2025-07-09T22:25:00.383803,Rev,"[{'text': ""And essentially, are they doing what I. What I have been doing with the first, the first run through is, using AI, and then they'll go through and check it for accuracy and make edits as necessary."", 'score': 2.0, 'attribution': 'Score: 2.0 - deal_breaking', 'relevance_score': 2.0, 'sentiment': 'neutral'}, {'text': ""I think for me, the ones that I've edited, I by the time I've read through it, I have a pretty good grasp of what's going on. That I don't really need to read through the transcript once it's produced"", 'score': 2.0, 'attribution': 'Score: 2.0 - neutral', 'relevance_score': 2.0, 'sentiment': 'neutral'}, {'text': ""Yeah, it's a request like that. It's it come with an affidavit signed by the person who did the transcription. That would be helpful."", 'score': 2.0, 'attribution': 'Score: 2.0 - neutral', 'relevance_score': 2.0, 'sentiment': 'neutral'}, {'text': 'Just based on you have the regular formats that you give. But I would look into more of, like, deposition summaries, transcript summaries that if you kind of give it in that format, that kind of works', 'score': 2.0, 'attribution': 'Score: 2.0 - support_focus', 'relevance_score': 2.0, 'sentiment': 'neutral'}, {'text': ""Pretty much, I would think would make the job easier because I'm trying to remember you guys have the time stamps. Speaker one. Speaker two. Female I think you have I think you guys have the words. We"", 'score': 2.0, 'attribution': 'Score: 2.0 - neutral', 'relevance_score': 2.0, 'sentiment': 'neutral'}]",[],criterion_based,,,{},,,{}
180,"The analysis reveals a moderate concern regarding the sales experience partnership, with an average impact score of 2.4, indicating a need for Rev to enhance its engagement strategies with firms. To address this, we recommend prioritizing direct outreach initiatives and product demonstrations tailored to the specific needs of legal professionals, thereby strengthening partnerships and improving overall client satisfaction.",Strategic,Emerging,"['Cyrus Nazarian', 'Christina Fouche', 'Ben Evenstad', 'Tracie Reilly', 'Victoria Hardy']","[134, 151, 161, 160, 162]",[],"{'won': 0, 'lost': 0}",False,"Impact score: 2.4, affecting 5 companies","If you were the CEO of Rev, what would you change to better serve firms like yours? I, you know, one thing would be. You know, get in front of folks like me or, you know, get the product in front of f","The state bar, who have a lot of problems with, it is a guild and they will protect us and they will work with lawmakers, in my opinion, and make sure that human attorneys still need to, you know, app",Primary: Cyrus Nazarian,Emerging,5.2,5,5,2025-07-09T22:25:00.284716,Rev,"[{'text': 'If you were the CEO of Rev, what would you change to better serve firms like yours? I, you know, one thing would be. You know, get in front of folks like me or, you know, get the product in front of f', 'score': 3.0, 'attribution': 'Score: 3.0 - neutral', 'relevance_score': 3.0, 'sentiment': 'neutral'}, {'text': 'The state bar, who have a lot of problems with, it is a guild and they will protect us and they will work with lawmakers, in my opinion, and make sure that human attorneys still need to, you know, app', 'score': 3.0, 'attribution': 'Score: 3.0 - neutral', 'relevance_score': 3.0, 'sentiment': 'neutral'}, {'text': 'I had a criminal case where there was a lot of body worn video. And I needed a transcription. And there was, like, I forget how long it was, but it was like, at least 30 minutes and different people t', 'score': 3.0, 'attribution': 'Score: 3.0 - support_focus', 'relevance_score': 3.0, 'sentiment': 'neutral'}, {'text': ""Yep. Just find the law firms that do high volume calls that you'll be able to do it. Collections won't do it. But mass torts I think would be will be your money maker."", 'score': 2.0, 'attribution': 'Score: 2.0 - neutral', 'relevance_score': 2.0, 'sentiment': 'neutral'}, {'text': 'So I would target in looking really more into your outputs for law firms, your certificate or certification on there. And the ones that you get hired just where their data is being sent, where their d', 'score': 2.0, 'attribution': 'Score: 2.0 - neutral', 'relevance_score': 2.0, 'sentiment': 'neutral'}]",[],criterion_based,,,{},,,{}
179,"The analysis reveals a critical need for enhanced speed and responsiveness in our offerings, as indicated by 38 critical issues and a moderate average impact score of 3.3. To maintain competitive advantage, we must prioritize improvements in user experience and operational efficiency, addressing the urgent feedback from key stakeholders.",Strategic,Medium,"['Speaker 4', 'Speaker 1', 'Cyrus Nazarian', 'Ben Evenstad', 'Trish Herrera', 'Tracie Reilly', 'Speakers']","[131, 170, 132, 137, 265, 193, 217, 241, 146, 289, 313, 338, 360, 382, 404, 426, 448, 470, 491, 516, 537, 267, 175, 194, 195, 266, 218, 219, 242, 243, 148, 290, 291, 314, 315, 340, 341, 362, 363, 384, 385, 406, 407, 428, 429, 450, 451, 472, 473, 492, 493, 518, 519, 538, 539, 204, 228, 252, 276, 300, 324, 347, 369, 391, 413, 435, 457, 479, 502, 525, 548, 207, 231, 255, 279, 303, 327, 349, 371, 393, 415, 437, 459, 481, 505, 527, 551]",[],"{'won': 0, 'lost': 0}",False,"Impact score: 3.3, affecting 7 companies",For us the most important thing was speed and ease of use. And then I would say cost definitely ranks up there. Security is always something that we're concerned about just given the nature of our bus,So axon has a transcription service. And so axon does this amazing freaking thing. And I was like holy shit. Because it was like just deal breaking because like instead of like so I'm in trial and lik,Primary: Speaker 4,Medium,4.92,7,87,2025-07-09T22:25:00.182559,Rev,"[{'text': ""For us the most important thing was speed and ease of use. And then I would say cost definitely ranks up there. Security is always something that we're concerned about just given the nature of our bus"", 'score': 5.0, 'attribution': 'Score: 5.0 - neutral,commercial_focus,security_focus', 'relevance_score': 4.13, 'sentiment': 'neutral'}, {'text': ""So axon has a transcription service. And so axon does this amazing freaking thing. And I was like holy shit. Because it was like just deal breaking because like instead of like so I'm in trial and lik"", 'score': 4.0, 'attribution': 'Score: 4.0 - support_focus', 'relevance_score': 4.13, 'sentiment': 'neutral'}, {'text': ""And so used it on that. And then ask them to do me a favor on the kid case, because I had 3.5 hour interviews with all three of my victims, and I was like, do you know how freaking long it's going to "", 'score': 4.0, 'attribution': 'Score: 4.0 - support_focus', 'relevance_score': 4.13, 'sentiment': 'neutral'}, {'original_quote': ""If to have human transcription done in a matter of like a, like a few hours, I feel like the cost is going to be significant. So in most cases we don't have it's not that pressing. If I could have som"", 'relevance_explanation': 'The desire for a specific turnaround time for human transcription indicates a strong focus on speed and responsiveness.', 'relevance_score': 4.2, 'confidence': 'high', 'context_keywords': 'neutral', 'question_relevance': 'direct', 'response_id': 'Altair Law_Cyrus Nazarian_5_6', 'company': 'Altair Law', 'sentiment': 'neutral'}, {'original_quote': 'Yes, we have been using Rev for our transcription needs for the past year. It has been a game-changer for us in terms of efficiency and accuracy. The platform is easy to use, and the turnaround time i', 'relevance_explanation': 'The impressive turnaround time mentioned indicates a strong responsiveness from the service.', 'relevance_score': 4.2, 'confidence': 'high', 'context_keywords': 'neutral', 'question_relevance': 'direct', 'response_id': 'Altair Law_Cyrus Nazarian_7_1', 'company': 'Altair Law', 'sentiment': 'neutral'}]",[],criterion_based,,,{},,,{}
178,"The integration of AI technology is perceived as a valuable cost-reduction tool, yet its visibility and promotion on digital platforms require enhancement to fully leverage market potential; addressing integration capabilities with existing systems like My Case could further streamline user experience and drive competitive advantage.",Strategic,Medium,"['Jenny Ohsberg', 'Speaker 2', 'Trish Herrera', 'Victoria Hardy']","[130, 177, 197, 221, 245, 149, 269, 293, 317, 343, 365, 387, 409, 431, 453, 475, 495, 521, 541, 157, 181, 203, 227, 251, 275, 299, 323, 346, 368, 390, 412, 434, 456, 478, 501, 524, 547]",[],"{'won': 0, 'lost': 0}",False,"Impact score: 2.5, affecting 4 companies","they use AI now and that that brings down the cost, I would maybe promote that a little bit more or make it more obvious on the website just to know to allow people to have that option more visible. B","That's a good question. I feel like it works well. It's easy to use. So I would say since I didn't even know that they use AI now and that that brings down the cost, I would maybe promote that a littl",Primary: Jenny Ohsberg,Medium,4.65,4,37,2025-07-09T22:25:00.072714,Rev,"[{'text': 'they use AI now and that that brings down the cost, I would maybe promote that a little bit more or make it more obvious on the website just to know to allow people to have that option more visible. B', 'score': 4.0, 'attribution': 'Score: 4.0 - neutral', 'relevance_score': 4.0, 'sentiment': 'neutral'}, {'text': ""That's a good question. I feel like it works well. It's easy to use. So I would say since I didn't even know that they use AI now and that that brings down the cost, I would maybe promote that a littl"", 'score': 4.0, 'attribution': 'Score: 4.0 - neutral', 'relevance_score': 4.0, 'sentiment': 'neutral'}, {'text': ""So it'd be cool to have an integration between My Case and Rev. So for example, I upload a document to My Case, so My Case becomes my former physical folder, so it would have all my video files. Then "", 'score': 4.0, 'attribution': 'Score: 4.0 - support_focus', 'relevance_score': 4.0, 'sentiment': 'neutral'}, {'original_quote': ""Yeah, I mean, would be nice to compare it to would be police reports. So sometimes a police report is a summary of the transcript, so the body cam is recording what's actually happening, the police of"", 'relevance_explanation': 'The mention of comparing different document types suggests a need for compatibility and integration with various data sources.', 'relevance_score': 3.0, 'confidence': 'medium', 'context_keywords': 'minor', 'question_relevance': 'indirect', 'response_id': 'Unknown_Unknown_3_5', 'company': 'Unknown', 'sentiment': 'neutral'}, {'original_quote': ""Yeah, so sometimes what I'll do is I'm manipulating it in Rev to get the transcript kind of how I want it, and then I will export it as a Word document or a PDF, and then maybe I'm putting that in My "", 'relevance_explanation': 'The mention of moving documents to My Case and Westlaw implies some level of integration with other systems.', 'relevance_score': 3.0, 'confidence': 'medium', 'context_keywords': 'neutral', 'question_relevance': 'indirect', 'response_id': 'Unknown_Unknown_4_3', 'company': 'Unknown', 'sentiment': 'neutral'}]",[],criterion_based,,,{},,,{}
177,"The integration of commercial terms and security compliance is critical for enhancing operational efficiency and mitigating risk across business functions, as evidenced by the emphasis on speed, ease of use, and cost-effectiveness in service delivery. This cross-criteria alignment not only strengthens our competitive positioning but also ensures that we meet evolving client expectations while safeguarding sensitive information.",Strategic,Medium,"['Speaker 3', 'Daniella Buenrostro', 'Speaker 4', 'Cyrus Nazarian']","[143, 145]",[],"{'won': 0, 'lost': 0}",False,"Impact score: 3.0, affecting 4 companies",For us the most important thing was speed and ease of use. And then I would say cost definitely ranks up there. Security is always something that we're concerned about just given the nature of our bus,"I think it would definitely be useful if we had more cases that were specific to needing those because a lot of depositions and stuff are already being accounted for, but we don't do a lot of intervie",Primary: Speaker 3,Medium,6.0,4,2,2025-07-09T22:24:59.959249,Rev,"[{'text': ""For us the most important thing was speed and ease of use. And then I would say cost definitely ranks up there. Security is always something that we're concerned about just given the nature of our bus"", 'score': 3.0, 'attribution': 'Score: 3.0 - neutral,commercial_focus,security_focus', 'relevance_score': 3.0, 'sentiment': 'neutral'}, {'text': ""I think it would definitely be useful if we had more cases that were specific to needing those because a lot of depositions and stuff are already being accounted for, but we don't do a lot of intervie"", 'score': 3.0, 'attribution': 'Score: 3.0 - minor,security_focus', 'relevance_score': 3.0, 'sentiment': 'neutral'}, {'text': ""I'm going to launch a little poll that'll show up on your phone. Let me know if it's difficult or not, but it's just a criteria list of what you think's important in a transcription service. So there'"", 'score': 3.0, 'attribution': 'Score: 3.0 - support_focus', 'relevance_score': 3.0, 'sentiment': 'neutral'}, {'text': ""If to have human transcription done in a matter of like a, like a few hours, I feel like the cost is going to be significant. So in most cases we don't have it's not that pressing. If I could have som"", 'score': 3.0, 'attribution': 'Score: 3.0 - neutral', 'relevance_score': 3.0, 'sentiment': 'neutral'}, {'text': ""Speed I think exceeded my expectations. But the thing is, like, I would sacrifice speed for better accuracy. Gladly. If it took twice as long. Three times as like, I think it's done like a 45 minute f"", 'score': 3.0, 'attribution': 'Score: 3.0 - deal_breaking,neutral,commercial_focus,security_focus', 'relevance_score': 3.0, 'sentiment': 'neutral'}]","['commercial_terms', 'security_compliance']",semantic_group,,,{},,,{}
176,"The insights from Ben Evenstad and Victoria Hardy highlight a critical opportunity for enhancing market position and reputation through targeted engagement strategies, which can significantly improve client acquisition and retention across legal services. By addressing the specific needs of stakeholders within organizations like CAALA, firms can leverage these findings to strengthen their competitive edge and foster deeper relationships within the industry.",Strategic,Medium,"['Speaker 1', 'Ben Evenstad', 'Speaker 2', 'Victoria Hardy']","[138, 144, 152]",[],"{'won': 0, 'lost': 0}",False,"Impact score: 2.7, affecting 4 companies","If you were the CEO of Rev, what would you change to better serve firms like yours? I, you know, one thing would be. You know, get in front of folks like me or, you know, get the product in front of f","I don't know, with her specifically. So I'm a member of CAALA, do you know what CAALA is? The plaintiff? CAALA is Consumer attorneys Association of Los Angeles. It's the plaintiff's bar. It's a volunt",Primary: Speaker 1,Medium,6.0,4,3,2025-07-09T22:24:59.851751,Rev,"[{'text': 'If you were the CEO of Rev, what would you change to better serve firms like yours? I, you know, one thing would be. You know, get in front of folks like me or, you know, get the product in front of f', 'score': 3.0, 'attribution': 'Score: 3.0 - neutral', 'relevance_score': 3.0, 'sentiment': 'neutral'}, {'text': ""I don't know, with her specifically. So I'm a member of CAALA, do you know what CAALA is? The plaintiff? CAALA is Consumer attorneys Association of Los Angeles. It's the plaintiff's bar. It's a volunt"", 'score': 3.0, 'attribution': 'Score: 3.0 - neutral', 'relevance_score': 3.0, 'sentiment': 'neutral'}, {'text': 'I had a criminal case where there was a lot of body worn video. And I needed a transcription. And there was, like, I forget how long it was, but it was like, at least 30 minutes and different people t', 'score': 3.0, 'attribution': 'Score: 3.0 - support_focus', 'relevance_score': 3.0, 'sentiment': 'neutral'}, {'text': ""That's a good question. I feel like it works well. It's easy to use. So I would say since I didn't even know that they use AI now and that that brings down the cost, I would maybe promote that a littl"", 'score': 2.0, 'attribution': 'Score: 2.0 - neutral', 'relevance_score': 2.0, 'sentiment': 'neutral'}, {'text': 'I think that equally, I mean, I think this is the thing, sure, those more serious cases, maybe the volumes higher and the stakes are higher. However, the amount of cases you get for DUIs and domestic ', 'score': 2.0, 'attribution': 'Score: 2.0 - neutral', 'relevance_score': 2.0, 'sentiment': 'neutral'}]",['market_position_reputation'],semantic_group,,,{},,,{}
175,"The insights gathered from key stakeholders highlight a critical need for enhanced collaboration and alignment in sales experience partnerships and commercial terms, underscoring the strategic importance of fostering stronger relationships and streamlined processes across business functions to drive growth and improve client satisfaction. This cross-criteria pattern reveals opportunities for innovation and competitive advantage by addressing the complexities faced by firms in navigating legal and operational challenges.",Strategic,Medium,"['Ben Evenstad', 'Trish Herrera', 'Tracie Reilly']","[134, 179, 161]",[],"{'won': 0, 'lost': 0}",False,"Impact score: 3.0, affecting 3 companies","If you were the CEO of Rev, what would you change to better serve firms like yours? I, you know, one thing would be. You know, get in front of folks like me or, you know, get the product in front of f","The state bar, who have a lot of problems with, it is a guild and they will protect us and they will work with lawmakers, in my opinion, and make sure that human attorneys still need to, you know, app",Primary: Ben Evenstad,Medium,6.0,3,3,2025-07-09T22:24:59.7353,Rev,"[{'text': 'If you were the CEO of Rev, what would you change to better serve firms like yours? I, you know, one thing would be. You know, get in front of folks like me or, you know, get the product in front of f', 'score': 3.0, 'attribution': 'Score: 3.0 - neutral', 'relevance_score': 3.0, 'sentiment': 'neutral'}, {'text': 'The state bar, who have a lot of problems with, it is a guild and they will protect us and they will work with lawmakers, in my opinion, and make sure that human attorneys still need to, you know, app', 'score': 3.0, 'attribution': 'Score: 3.0 - neutral', 'relevance_score': 3.0, 'sentiment': 'neutral'}, {'text': 'I had a criminal case where there was a lot of body worn video. And I needed a transcription. And there was, like, I forget how long it was, but it was like, at least 30 minutes and different people t', 'score': 3.0, 'attribution': 'Score: 3.0 - support_focus', 'relevance_score': 3.0, 'sentiment': 'neutral'}, {'original_quote': ""I think so. And it's not to say, I think it's unrealistic to assume that one person is going to be available all the time for you, but if you had groups for, if you buy a package, let's say with Rev a"", 'relevance_explanation': 'The reference to a package price suggests consideration of commercial terms and value for money.', 'relevance_score': 3.0, 'confidence': 'medium', 'context_keywords': 'neutral', 'question_relevance': 'indirect', 'response_id': 'Unknown_Kelsey Whisler - Scheveck  Salminen_5_2', 'company': 'Unknown', 'sentiment': 'neutral'}, {'original_quote': ""I'm going to launch a little poll that'll show up on your phone. Let me know if it's difficult or not, but it's just a criteria list of what you think's important in a transcription service. So there'"", 'relevance_explanation': 'Cost is one of the criteria listed, suggesting that pricing and contract terms are relevant to the decision.', 'relevance_score': 3.0, 'confidence': 'medium', 'context_keywords': 'support_focus', 'question_relevance': 'direct', 'response_id': 'Unknown_Daniella Buenrostro_1_5', 'company': 'Unknown', 'sentiment': 'neutral'}]","['sales_experience_partnership', 'commercial_terms']",semantic_group,,,{},,,{}
174,"The findings from Ben Evenstad and Kelsey Whisler highlight a critical need for enhanced implementation and onboarding processes that not only streamline user experiences but also foster deeper engagement across legal sectors. Addressing these gaps is strategically significant, as it positions our organization to better serve diverse client needs, ultimately driving competitive advantage and operational efficiency in a rapidly evolving market.",Barrier,Emerging,"['Ben Evenstad', 'Kelsey Whisler - Scheveck  Salminen']","[129, 156]",[],"{'won': 0, 'lost': 0}",False,"Impact score: 2.0, affecting 2 companies","If you were the CEO of Rev, what would you change to better serve firms like yours? I, you know, one thing would be. You know, get in front of folks like me or, you know, get the product in front of f","The state bar, who have a lot of problems with, it is a guild and they will protect us and they will work with lawmakers, in my opinion, and make sure that human attorneys still need to, you know, app",Primary: Ben Evenstad,Emerging,7.0,2,2,2025-07-09T22:24:59.600404,Rev,"[{'text': 'If you were the CEO of Rev, what would you change to better serve firms like yours? I, you know, one thing would be. You know, get in front of folks like me or, you know, get the product in front of f', 'score': 2.0, 'attribution': 'Score: 2.0 - neutral', 'relevance_score': 2.0, 'sentiment': 'neutral'}, {'text': 'The state bar, who have a lot of problems with, it is a guild and they will protect us and they will work with lawmakers, in my opinion, and make sure that human attorneys still need to, you know, app', 'score': 2.0, 'attribution': 'Score: 2.0 - neutral', 'relevance_score': 2.0, 'sentiment': 'neutral'}, {'text': ""I don't know, with her specifically. So I'm a member of CAALA, do you know what CAALA is? The plaintiff? CAALA is Consumer attorneys Association of Los Angeles. It's the plaintiff's bar. It's a volunt"", 'score': 2.0, 'attribution': 'Score: 2.0 - neutral', 'relevance_score': 2.0, 'sentiment': 'neutral'}, {'text': 'So this one was to help assist with a response to a summary judgment, and I want to believe it was like a contract for summary judgment. Specifically. We have our stronger areas in law. Contracts is n', 'score': 2.0, 'attribution': 'Score: 2.0 - neutral', 'relevance_score': 2.0, 'sentiment': 'neutral'}, {'text': ""It was actually one of the attorney's ideas. I only dabbled in it a little bit and he was more focused on Rev. I don't know if Rev knows, but paralegals do all of the work, so sometimes the attorneys "", 'score': 2.0, 'attribution': 'Score: 2.0 - neutral', 'relevance_score': 2.0, 'sentiment': 'neutral'}]",['implementation_onboarding'],semantic_group,,,{},,,{}
173,"The integration of advanced AI capabilities across product offerings not only enhances operational efficiency and cost-effectiveness but also underscores the strategic imperative for seamless interoperability between platforms, such as My Case and Rev, to drive user engagement and satisfaction. This cross-functional alignment is essential for positioning our solutions competitively in a rapidly evolving market landscape.",Strategic,Medium,"['Jenny Ohsberg', 'Speaker 2', 'Trish Herrera']","[130, 268, 176, 177, 196, 197, 220, 221, 245, 269, 293, 316, 317, 342, 343, 364, 365, 386, 387, 408, 409, 430, 431, 452, 453, 474, 475, 494, 495, 521, 540, 541]",[],"{'won': 0, 'lost': 0}",False,"Impact score: 3.0, affecting 3 companies","they use AI now and that that brings down the cost, I would maybe promote that a little bit more or make it more obvious on the website just to know to allow people to have that option more visible. B","That's a good question. I feel like it works well. It's easy to use. So I would say since I didn't even know that they use AI now and that that brings down the cost, I would maybe promote that a littl",Primary: Jenny Ohsberg,Medium,5.16,3,32,2025-07-09T22:24:59.447241,Rev,"[{'text': 'they use AI now and that that brings down the cost, I would maybe promote that a little bit more or make it more obvious on the website just to know to allow people to have that option more visible. B', 'score': 4.0, 'attribution': 'Score: 4.0 - neutral', 'relevance_score': 4.0, 'sentiment': 'neutral'}, {'text': ""That's a good question. I feel like it works well. It's easy to use. So I would say since I didn't even know that they use AI now and that that brings down the cost, I would maybe promote that a littl"", 'score': 4.0, 'attribution': 'Score: 4.0 - neutral', 'relevance_score': 4.0, 'sentiment': 'neutral'}, {'text': ""So it'd be cool to have an integration between My Case and Rev. So for example, I upload a document to My Case, so My Case becomes my former physical folder, so it would have all my video files. Then "", 'score': 4.0, 'attribution': 'Score: 4.0 - support_focus', 'relevance_score': 4.0, 'sentiment': 'neutral'}, {'original_quote': 'So this one was to help assist with a response to a summary judgment, and I want to believe it was like a contract for summary judgment. Specifically. We have our stronger areas in law. Contracts is n', 'relevance_explanation': ""The response indicates a need for assistance in a specific legal area, suggesting that the product's capabilities were relevant to the user's needs."", 'relevance_score': 3.0, 'confidence': 'medium', 'context_keywords': 'neutral', 'question_relevance': 'direct', 'response_id': 'Unknown_Kelsey Whisler - Scheveck  Salminen_1_2', 'company': 'Anden Law Firm', 'sentiment': 'neutral'}, {'original_quote': ""It was actually one of the attorney's ideas. I only dabbled in it a little bit and he was more focused on Rev. I don't know if Rev knows, but paralegals do all of the work, so sometimes the attorneys "", 'relevance_explanation': ""The quote mentions how the tool is used and implies that it supports the paralegals' work, indicating its functionality."", 'relevance_score': 3.0, 'confidence': 'medium', 'context_keywords': 'neutral', 'question_relevance': 'direct', 'response_id': 'Unknown_Kelsey Whisler - Scheveck  Salminen_1_1', 'company': 'Anden Law Firm', 'sentiment': 'neutral'}]","['integration_technical_fit', 'product_capability']",semantic_group,,,{},,,{}
